{
    "accuracy": 0.7597402597402597,
    "precision": 0.6545454545454545,
    "recall": 0.6666666666666666,
    "f1": 0.6605504587155964,
    "roc_auc": 0.83
}