{
    "accuracy": 0.7077922077922078,
    "precision": 0.6,
    "recall": 0.5,
    "f1": 0.5454545454545454,
    "roc_auc": 0.812962962962963
}