{
    "metrics": {
        "accuracy": 0.7402597402597403,
        "precision": 0.6590909090909091,
        "recall": 0.5370370370370371,
        "f1": 0.5918367346938775,
        "roc_auc": 0.8077777777777777
    },
    "confusion_matrix": {
        "true_negative": 85,
        "false_positive": 15,
        "false_negative": 25,
        "true_positive": 29
    }
}