{
    "selected_threshold": 0.3,
    "selection_strategy": "maximize_f1",
    "metrics": {
        "accuracy": 0.7077922077922078,
        "precision": 0.5569620253164557,
        "recall": 0.8148148148148148,
        "f1": 0.6616541353383458,
        "roc_auc": 0.8077777777777777
    },
    "confusion_matrix": {
        "true_negative": 65,
        "false_positive": 35,
        "false_negative": 10,
        "true_positive": 44
    }
}