,Pregnancies,Glucose,BloodPressure,SkinThickness,Insulin,BMI,DiabetesPedigreeFunction,Age,Outcome
Pregnancies,1.0,0.12945867149927248,0.14128197740713977,-0.08167177444900728,-0.07353461435162818,0.01768309072783061,-0.03352267296261302,0.5443412284023391,0.22189815303398636
Glucose,0.12945867149927248,1.0,0.1525895865686645,0.05732789073817692,0.3313571099202092,0.22107106945898297,0.1373372998283709,0.2635143198243335,0.46658139830687373
BloodPressure,0.14128197740713977,0.1525895865686645,1.0,0.20737053840307076,0.08893337837319316,0.28180528884991096,0.04126494793009854,0.23952794642136357,0.06506835955033277
SkinThickness,-0.08167177444900728,0.05732789073817692,0.20737053840307076,1.0,0.43678257012001315,0.3925732041590382,0.1839275729541631,-0.11397026236774153,0.07475223191831948
Insulin,-0.07353461435162818,0.3313571099202092,0.08893337837319316,0.43678257012001315,1.0,0.19785905649310137,0.1850709291680993,-0.04216295473537693,0.13054795488404794
BMI,0.01768309072783061,0.22107106945898297,0.28180528884991096,0.3925732041590382,0.19785905649310137,1.0,0.14064695254510517,0.036241870092293925,0.29269466264444544
DiabetesPedigreeFunction,-0.03352267296261302,0.1373372998283709,0.04126494793009854,0.1839275729541631,0.1850709291680993,0.14064695254510517,1.0,0.03356131243480542,0.17384406565296
Age,0.5443412284023391,0.2635143198243335,0.23952794642136357,-0.11397026236774153,-0.04216295473537693,0.036241870092293925,0.03356131243480542,1.0,0.23835598302719754
Outcome,0.22189815303398636,0.46658139830687373,0.06506835955033277,0.07475223191831948,0.13054795488404794,0.29269466264444544,0.17384406565296,0.23835598302719754,1.0
