{
    "metrics": {
        "accuracy": 0.7597402597402597,
        "precision": 0.6545454545454545,
        "recall": 0.6666666666666666,
        "f1": 0.6605504587155964,
        "roc_auc": 0.83
    },
    "confusion_matrix": {
        "true_negative": 81,
        "false_positive": 19,
        "false_negative": 18,
        "true_positive": 36
    }
}