{
    "selected_threshold": 0.3,
    "selection_strategy": "maximize_f1",
    "metrics": {
        "accuracy": 0.7402597402597403,
        "precision": 0.5972222222222222,
        "recall": 0.7962962962962963,
        "f1": 0.6825396825396826,
        "roc_auc": 0.812962962962963
    },
    "confusion_matrix": {
        "true_negative": 71,
        "false_positive": 29,
        "false_negative": 11,
        "true_positive": 43
    }
}